?cls	?xref
<http://purl.obolibrary.org/obo/NCBITaxon_33154>	"GC_ID:1"
<http://purl.obolibrary.org/obo/NCBITaxon_2759>	"PMID:30257078"
<http://purl.obolibrary.org/obo/NCBITaxon_2759>	"GC_ID:1"
<http://purl.obolibrary.org/obo/NCBITaxon_2759>	"PMID:23020233"
<http://purl.obolibrary.org/obo/ExO_0000102>	"https://ncit.nci.nih.gov/ncitbrowser/pages/concept_details.jsf?dictionary=NCI_Thesaurus&version=16.07d&code=C25150&ns=null&type=properties&key=null&b=1&n=0&vse=null"
<http://purl.obolibrary.org/obo/ENVO_00002000>	"SWEETRealm:Slope"
<http://purl.obolibrary.org/obo/ENVO_00002000>	"https://en.wikipedia.org/wiki/Slope"
<http://purl.obolibrary.org/obo/ENVO_00002000>	"EcoLexicon:slope"
<http://purl.obolibrary.org/obo/ENVO_00010504>	"https://en.wikipedia.org/wiki/Surface"
<http://purl.obolibrary.org/obo/ENVO_00010504>	"http://sweetontology.net/reprSpaceGeometry/Surface"
<http://purl.obolibrary.org/obo/ENVO_00010504>	"EcoLexicon:surface"
<http://purl.obolibrary.org/obo/ENVO_00000015>	"TGN:21102"
<http://purl.obolibrary.org/obo/ENVO_00000015>	"EcoLexicon:ocean"
<http://purl.obolibrary.org/obo/ENVO_00000015>	"FTT:1019"
<http://purl.obolibrary.org/obo/ENVO_00000015>	"SWEETRealm:Ocean"
<http://purl.obolibrary.org/obo/ENVO_00000015>	"LTER:695"
<http://purl.obolibrary.org/obo/ENVO_00000015>	"https://en.wikipedia.org/wiki/Ocean"
<http://purl.obolibrary.org/obo/ENVO_00000015>	"FTT:943"
<http://purl.obolibrary.org/obo/ENVO_00000015>	"Geonames:H.OCN"
<http://purl.obolibrary.org/obo/ENVO_00002006>	"EcoLexicon:water"
<http://purl.obolibrary.org/obo/ENVO_00002006>	"https://en.wikipedia.org/wiki/Water"
<http://purl.obolibrary.org/obo/ENVO_00002006>	"LTER:617"
<http://purl.obolibrary.org/obo/ENVO_01000020>	"SPIRE:Estuarine"
<http://purl.obolibrary.org/obo/ENVO_01001618>	"http://sweetontology.net/phenCryo/Accumulation"
<http://purl.obolibrary.org/obo/ENVO_01001620>	"http://sweetontology.net/phenCryo/Accumulation"
<http://purl.obolibrary.org/obo/PO_0025007>	"PO_GIT:63"
<http://purl.obolibrary.org/obo/ENVO_01000254>	"EcoLexicon:environment"
<http://purl.obolibrary.org/obo/PO_0025433>	"PO_GIT:427"
<http://purl.obolibrary.org/obo/ENVO_01000204>	"SPIRE:Tropical"
<http://purl.obolibrary.org/obo/ENVO_01000204>	"EcoLexicon:the_tropics"
<http://purl.obolibrary.org/obo/PO_0025034>	"PO_GIT:274"
<http://purl.obolibrary.org/obo/PO_0025034>	"PO_GIT:301"
<http://purl.obolibrary.org/obo/ENVO_00002186>	"EcoLexicon:water_pollution"
<http://purl.obolibrary.org/obo/ENVO_00002186>	"https://en.wikipedia.org/wiki/Contaminated_water"
<http://purl.obolibrary.org/obo/PO_0009007>	"PO_GIT:59"
<http://purl.obolibrary.org/obo/ENVO_00002149>	"EcoLexicon:sea_water"
<http://purl.obolibrary.org/obo/ENVO_00002149>	"https://en.wikipedia.org/wiki/Sea_water"
<http://purl.obolibrary.org/obo/ENVO_00002149>	"LTER:701"
<http://purl.obolibrary.org/obo/ENVO_00002149>	"SWEETRealm:SeaWater"
<http://purl.obolibrary.org/obo/PO_0028002>	"PO_GIT:68"
<http://purl.obolibrary.org/obo/PO_0028002>	"PO_GIT:139"
<http://purl.obolibrary.org/obo/ENVO_01000267>	"LTER:48"
<http://purl.obolibrary.org/obo/ENVO_01000293>	"http://sweetontology.net/phenCryo/Accumulation"
<http://purl.obolibrary.org/obo/PO_0025606>	"PO_GIT:586"
<http://purl.obolibrary.org/obo/ENVO_01001645>	<http://vocab.nerc.ac.uk/collection/S23/current/S23C013/>
<http://purl.obolibrary.org/obo/ENVO_01000238>	"SPIRE:Polar"
<http://purl.obolibrary.org/obo/ENVO_01000238>	"SWEETRealm:Polarization"
<http://purl.obolibrary.org/obo/ENVO_01001089>	"SWEETRealm:Aerosol"
<http://purl.obolibrary.org/obo/ENVO_01000067>	"EcoLexicon:marine_current"
<http://purl.obolibrary.org/obo/ENVO_00000300>	"TGN:21652"
<http://purl.obolibrary.org/obo/ENVO_00000300>	"SWEETRealm:Scrub"
<http://purl.obolibrary.org/obo/ENVO_00000300>	"FTT:262"
<http://purl.obolibrary.org/obo/ENVO_00000300>	"FTT:792"
<http://purl.obolibrary.org/obo/ENVO_00000300>	"FTT:991"
<http://purl.obolibrary.org/obo/ENVO_00000300>	"Geonames:V.SCRB"
<http://purl.obolibrary.org/obo/ENVO_00000300>	"TGN:21644"
<http://purl.obolibrary.org/obo/ENVO_00000300>	"FTT:374"
<http://purl.obolibrary.org/obo/ENVO_00000300>	"FTT:473"
<http://purl.obolibrary.org/obo/ENVO_00000300>	"FTT:1191"
<http://purl.obolibrary.org/obo/ENVO_00000300>	"https://en.wikipedia.org/wiki/Scrubland"
<http://purl.obolibrary.org/obo/ENVO_01001652>	<http://vocab.nerc.ac.uk/collection/S23/current/S23C005/>
<http://purl.obolibrary.org/obo/ENVO_01000178>	"SPIRE:Savannah_or_grassland"
<http://purl.obolibrary.org/obo/ENVO_01001209>	"TGN:21301"
<http://purl.obolibrary.org/obo/ENVO_01001209>	"FTT:1207"
<http://purl.obolibrary.org/obo/ENVO_01001209>	"TGN:21305"
<http://purl.obolibrary.org/obo/ENVO_01001209>	"LTER:630"
<http://purl.obolibrary.org/obo/ENVO_01001209>	"FTT:281"
<http://purl.obolibrary.org/obo/ENVO_01001209>	"FTT:934"
<http://purl.obolibrary.org/obo/ENVO_01001209>	"FTT:945"
<http://purl.obolibrary.org/obo/ENVO_01001209>	"SWEETRealm:Wetland"
<http://purl.obolibrary.org/obo/ENVO_01001209>	"FTT:184"
<http://purl.obolibrary.org/obo/ENVO_01001209>	"FTT:883"
<http://purl.obolibrary.org/obo/ENVO_01001209>	"FTT:1060"
<http://purl.obolibrary.org/obo/ENVO_01001209>	"SPIRE:Bog"
<http://purl.obolibrary.org/obo/ENVO_01001209>	"FTT:716"
<http://purl.obolibrary.org/obo/ENVO_01001209>	"FTT:480"
<http://purl.obolibrary.org/obo/ENVO_01001209>	"FTT:1001"
<http://purl.obolibrary.org/obo/ENVO_01001209>	"FTT:1226"
<http://purl.obolibrary.org/obo/ENVO_01001209>	"FTT:1206"
<http://purl.obolibrary.org/obo/ENVO_01001209>	"FTT:983"
<http://purl.obolibrary.org/obo/ENVO_01001209>	"FTT:185"
<http://purl.obolibrary.org/obo/ENVO_01001209>	"FTT:1061"
<http://purl.obolibrary.org/obo/ENVO_01001209>	"https://en.wikipedia.org/wiki/Wetland"
<http://purl.obolibrary.org/obo/ENVO_01001209>	"TGN:21304"
<http://purl.obolibrary.org/obo/ENVO_01001209>	"FTT:228"
<http://purl.obolibrary.org/obo/ENVO_01001209>	"Geonames:H.WTLD"
<http://purl.obolibrary.org/obo/ENVO_01001209>	"FTT:1190"
<http://purl.obolibrary.org/obo/ENVO_01001209>	"EcoLexicon:wetland"
<http://purl.obolibrary.org/obo/ENVO_01001209>	"FTT:1118"
<http://purl.obolibrary.org/obo/ENVO_01001209>	"FTT:1180"
<http://purl.obolibrary.org/obo/ENVO_00000076>	"EcoLexicon:mine"
<http://purl.obolibrary.org/obo/ENVO_00000076>	"Geonames:S.MN"
<http://purl.obolibrary.org/obo/ENVO_00000076>	"TGN:54211"
<http://purl.obolibrary.org/obo/ENVO_00000076>	"Geonames:L.MNA"
<http://purl.obolibrary.org/obo/ENVO_00000076>	"FTT:968"
<http://purl.obolibrary.org/obo/ENVO_00000076>	"FTT:14"
<http://purl.obolibrary.org/obo/ENVO_00000076>	"TGN:54212"
<http://purl.obolibrary.org/obo/ENVO_00001995>	"SWEETRealm:Rock"
<http://purl.obolibrary.org/obo/ENVO_00001995>	"EcoLexicon:rock"
<http://purl.obolibrary.org/obo/ENVO_00001995>	"Geonames:T.RKS"
<http://purl.obolibrary.org/obo/ENVO_00001995>	"https://en.wikipedia.org/wiki/Rock"
<http://purl.obolibrary.org/obo/ENVO_00001995>	"FTT:1010"
<http://purl.obolibrary.org/obo/ENVO_00001995>	"FTT:145"
<http://purl.obolibrary.org/obo/ENVO_00001995>	"Geonames:T.RK"
<http://purl.obolibrary.org/obo/ENVO_00001995>	"TGN:21444"
<http://purl.obolibrary.org/obo/ENVO_00002214>	"SWEETRealm:PowerPlant"
<http://purl.obolibrary.org/obo/ENVO_00002214>	"https://en.wikipedia.org/wiki/Power_plant"
<http://purl.obolibrary.org/obo/ENVO_03000111>	"http://sweetontology.net/phenCryo/Accumulation"
<http://purl.obolibrary.org/obo/CHEBI_36963>	"PMID:17586126"
<http://purl.obolibrary.org/obo/PO_0009006>	"PO_GIT:135"
<http://purl.obolibrary.org/obo/PO_0009006>	"FNA:02756ad4-a09c-48d7-8754-903254e557a9"
<http://purl.obolibrary.org/obo/PO_0009006>	"FNA:d1431b5c-7b86-46a0-8d3c-bd426fe12c85"
<http://purl.obolibrary.org/obo/ENVO_00002271>	"https://en.wikipedia.org/wiki/Nuclear_power_plant"
<http://purl.obolibrary.org/obo/PO_0009013>	"PO_GIT:472"
<http://purl.obolibrary.org/obo/PO_0000037>	"PO_GIT:234"
<http://purl.obolibrary.org/obo/ENVO_00002016>	"https://en.wikipedia.org/wiki/Sedimentary_rock"
<http://purl.obolibrary.org/obo/ENVO_00002016>	"SWEETRealm:SedimentaryRock"
<http://purl.obolibrary.org/obo/ENVO_00002016>	"EcoLexicon:sedimentary_rock"
<http://purl.obolibrary.org/obo/ENVO_01001176>	"http://purl.jp/bio/11/meo/MEO_0000871"
<http://purl.obolibrary.org/obo/ENVO_02000094>	<https://en.wikipedia.org/wiki/Ore>
<http://purl.obolibrary.org/obo/PO_0025497>	"PO_GIT:479"
<http://purl.obolibrary.org/obo/ENVO_00000100>	"TGN:21453"
<http://purl.obolibrary.org/obo/ENVO_00000100>	"FTT:949"
<http://purl.obolibrary.org/obo/ENVO_00000100>	"FTT:158"
<http://purl.obolibrary.org/obo/ENVO_00000100>	"EcoLexicon:valley"
<http://purl.obolibrary.org/obo/ENVO_00000100>	"TGN:21451"
<http://purl.obolibrary.org/obo/ENVO_00000100>	"Geonames:T.GRGE"
<http://purl.obolibrary.org/obo/ENVO_00000100>	"FTT:761"
<http://purl.obolibrary.org/obo/ENVO_00000100>	"TGN:21425"
<http://purl.obolibrary.org/obo/ENVO_00000100>	"FTT:166"
<http://purl.obolibrary.org/obo/ENVO_00000100>	"Geonames:T.VALS"
<http://purl.obolibrary.org/obo/ENVO_00000100>	"TGN:21452"
<http://purl.obolibrary.org/obo/ENVO_00000100>	"FTT:811"
<http://purl.obolibrary.org/obo/ENVO_00000100>	"SWEETRealm:Valley"
<http://purl.obolibrary.org/obo/ENVO_00000100>	"FTT:418"
<http://purl.obolibrary.org/obo/ENVO_00000100>	"Geonames:T.VAL"
<http://purl.obolibrary.org/obo/PO_0025127>	"PO_GIT:186"
<http://purl.obolibrary.org/obo/ENVO_01001088>	"SWEETRealm:Aerosol"
<http://purl.obolibrary.org/obo/ENVO_01000739>	"LTER:238"
<http://purl.obolibrary.org/obo/ENVO_01000739>	<https://en.wikipedia.org/wiki/Habitat>
<http://purl.obolibrary.org/obo/ENVO_01000739>	<https://github.com/EnvironmentOntology/envo-habitats>
<http://purl.obolibrary.org/obo/ENVO_01000739>	"EcoLexicon:habitat"
<http://purl.obolibrary.org/obo/ENVO_01000739>	"SWEETRealm:Habitat"
<http://purl.obolibrary.org/obo/ENVO_01000230>	"EcoLexicon:aridity"
<http://purl.obolibrary.org/obo/ENVO_00002168>	"https://en.wikipedia.org/wiki/Gold_mine"
<http://purl.obolibrary.org/obo/ENVO_00002010>	"SWEETRealm:SaltWater"
<http://purl.obolibrary.org/obo/ENVO_00002010>	"EcoLexicon:saltwater"
<http://purl.obolibrary.org/obo/ENVO_00002010>	"https://en.wikipedia.org/wiki/Saline_water"
<http://purl.obolibrary.org/obo/ENVO_00002010>	"SWEETRealm:SalineWater"
<http://purl.obolibrary.org/obo/ENVO_01000174>	"SPIRE:Forest"
<http://purl.obolibrary.org/obo/ENVO_01000174>	"LTER:212"
<http://purl.obolibrary.org/obo/PO_0009011>	"PO_GIT:57"
<http://purl.obolibrary.org/obo/ENVO_01000277>	<http://sweetontology.net/matrWater/Ice>
<http://purl.obolibrary.org/obo/ENVO_01000277>	"LTER:262"
<http://purl.obolibrary.org/obo/ENVO_01001241>	"SWEETRealm:Canopy"
<http://purl.obolibrary.org/obo/ENVO_01001241>	"https://en.wikipedia.org/wiki/Canopy"
<http://purl.obolibrary.org/obo/ENVO_01001241>	"LTER:82"
<http://purl.obolibrary.org/obo/ENVO_01001241>	"EcoLexicon:canopy"
<http://purl.obolibrary.org/obo/ENVO_01000846>	<http://sweetontology.net/matrWater/Ice>
<http://purl.obolibrary.org/obo/ENVO_00000176>	"https://en.wikipedia.org/wiki/Elevation"
<http://purl.obolibrary.org/obo/ENVO_00000176>	"SWEETRealm:Elevation"
<http://purl.obolibrary.org/obo/ENVO_00000176>	"LTER:177"
<http://purl.obolibrary.org/obo/ENVO_01001570>	"https://www.worldwildlife.org/biome-categories/terrestrial-ecoregions"
<http://purl.obolibrary.org/obo/ENVO_00000147>	"FTT:597"
<http://purl.obolibrary.org/obo/ENVO_00000147>	"Geonames:H.CRNT"
<http://purl.obolibrary.org/obo/ENVO_00000147>	"https://en.wikipedia.org/wiki/Ocean_current"
<http://purl.obolibrary.org/obo/ENVO_00000147>	"TGN:21169"
<http://purl.obolibrary.org/obo/ENVO_00000147>	"SWEETRealm:OceanCurrent"
<http://purl.obolibrary.org/obo/ENVO_00000147>	"LTER:386"
<http://purl.obolibrary.org/obo/ENVO_00000147>	"FTT:598"
<http://purl.obolibrary.org/obo/ENVO_00000147>	"EcoLexicon:ocean_current"
<http://purl.obolibrary.org/obo/ENVO_01001548>	<http://sweetontology.net/procStateChange/Freezing>
<http://purl.obolibrary.org/obo/PO_0025131>	"PO_GIT:224"
<http://purl.obolibrary.org/obo/CHEBI_36342>	"Wikipedia:Subatomic_particle"
<http://purl.obolibrary.org/obo/ENVO_00002001>	"SWEETRealm:Wastewater"
<http://purl.obolibrary.org/obo/ENVO_00002001>	"https://en.wikipedia.org/wiki/Waste_water"
<http://purl.obolibrary.org/obo/ENVO_00002001>	"EcoLexicon:waste_water"
<http://purl.obolibrary.org/obo/ENVO_00010505>	"SWEETRealm:Aerosol"
<http://purl.obolibrary.org/obo/ENVO_00010505>	"EcoLexicon:aerosol"
<http://purl.obolibrary.org/obo/ENVO_01000883>	"NLCD:21"
<http://purl.obolibrary.org/obo/ENVO_00000002>	"FTT:78"
<http://purl.obolibrary.org/obo/ENVO_00000002>	"TGN:50001"
<http://purl.obolibrary.org/obo/ENVO_00000446>	"SPIRE:Terrestrial"
<http://purl.obolibrary.org/obo/ENVO_00000446>	"LTER:798"
<http://purl.obolibrary.org/obo/ENVO_00002007>	"EcoLexicon:sedimentation"
<http://purl.obolibrary.org/obo/ENVO_00002007>	"SWEETRealm:Sediment"
<http://purl.obolibrary.org/obo/ENVO_00002007>	"https://en.wikipedia.org/wiki/Sediment"
<http://purl.obolibrary.org/obo/ENVO_00002007>	"EcoLexicon:sediment"
<http://purl.obolibrary.org/obo/ENVO_00002007>	"LTER:493"
<http://purl.obolibrary.org/obo/ENVO_00002007>	"LTER:492"
<http://purl.obolibrary.org/obo/PO_0020144>	"PO_GIT:579"
<http://purl.obolibrary.org/obo/CHEBI_64909>	"Wikipedia:Poison"
<http://purl.obolibrary.org/obo/PO_0006079>	"PO_GIT:583"
<http://purl.obolibrary.org/obo/PO_0006079>	"PO_GIT:472"
<http://purl.obolibrary.org/obo/PO_0009008>	"PATO:01503"
<http://purl.obolibrary.org/obo/PO_0009008>	"PO_GIT:55"
<http://purl.obolibrary.org/obo/ENVO_00000309>	"Geonames:T.PAN"
<http://purl.obolibrary.org/obo/ENVO_00000309>	"FTT:216"
<http://purl.obolibrary.org/obo/ENVO_00000309>	"Geonames:T.DPR"
<http://purl.obolibrary.org/obo/ENVO_00000309>	"TGN:21454"
<http://purl.obolibrary.org/obo/ENVO_00000309>	"Geonames:T.PANS"
<http://purl.obolibrary.org/obo/ENVO_00000309>	"SWEETRealm:Depression"
<http://purl.obolibrary.org/obo/ENVO_00000309>	"FTT:215"
<http://purl.obolibrary.org/obo/ENVO_00000309>	"FTT:175"
<http://purl.obolibrary.org/obo/ENVO_00000309>	"EcoLexicon:depression"
<http://purl.obolibrary.org/obo/ENVO_00000309>	"TGN:21521"
<http://purl.obolibrary.org/obo/ENVO_00000309>	"TGN:21497"
<http://purl.obolibrary.org/obo/ENVO_00000114>	"EcoLexicon:field"
<http://purl.obolibrary.org/obo/ENVO_00000114>	"Geonames:L.FLD"
<http://purl.obolibrary.org/obo/ENVO_00000114>	"TGN:21456"
<http://purl.obolibrary.org/obo/ENVO_00000114>	"SWEETRealm:Field"
<http://purl.obolibrary.org/obo/ENVO_00000114>	"FTT:61"
<http://purl.obolibrary.org/obo/ENVO_00000114>	"FTT:45"
<http://purl.obolibrary.org/obo/ENVO_00002173>	"https://en.wikipedia.org/wiki/Hospital"
<http://purl.obolibrary.org/obo/PO_0007033>	"PO_GIT:390"
<http://purl.obolibrary.org/obo/ENVO_00000111>	"TGN:21642"
<http://purl.obolibrary.org/obo/ENVO_00000111>	"FTT:258"
<http://purl.obolibrary.org/obo/ENVO_00000111>	"FTT:506"
<http://purl.obolibrary.org/obo/ENVO_00000111>	"TGN:21645"
<http://purl.obolibrary.org/obo/ENVO_00000111>	"SWEETRealm:Forest"
<http://purl.obolibrary.org/obo/ENVO_00000111>	"TGN:21641"
<http://purl.obolibrary.org/obo/ENVO_00000111>	"FTT:715"
<http://purl.obolibrary.org/obo/ENVO_00000111>	"FTT:717"
<http://purl.obolibrary.org/obo/ENVO_00000111>	"LTER:2"
<http://purl.obolibrary.org/obo/ENVO_00000111>	"EcoLexicon:forest"
<http://purl.obolibrary.org/obo/ENVO_00000111>	"https://en.wikipedia.org/wiki/Forest"
<http://purl.obolibrary.org/obo/ENVO_00000111>	"Geonames:V.FRST"
<http://purl.obolibrary.org/obo/PO_0009002>	"GO:0005623"
<http://purl.obolibrary.org/obo/PO_0009002>	"PO_GIT:56"
<http://purl.obolibrary.org/obo/ENVO_01000895>	<http://sweetontology.net/phenAtmoPrecipitation/Snowfall>
<http://purl.obolibrary.org/obo/ENVO_01001524>	"http://sweetontology.net/realmCryo/FrozenGround"
<http://purl.obolibrary.org/obo/ENVO_00002005>	"https://en.wikipedia.org/wiki/Air"
<http://purl.obolibrary.org/obo/ENVO_00002005>	"LTER:18"
<http://purl.obolibrary.org/obo/ENVO_00002005>	"SWEETRealm:Air"
<http://purl.obolibrary.org/obo/ENVO_00002005>	"EcoLexicon:air"
<http://purl.obolibrary.org/obo/ENVO_01000887>	"NLCD:72"
<http://purl.obolibrary.org/obo/PO_0025337>	"PO_GIT:230"
<http://purl.obolibrary.org/obo/ENVO_00000248>	"https://en.wikipedia.org/wiki/Glacial_valley"
<http://purl.obolibrary.org/obo/ENVO_00000261>	"FTT:770"
<http://purl.obolibrary.org/obo/ENVO_00000261>	"FTT:259"
<http://purl.obolibrary.org/obo/ENVO_00000261>	"FTT:771"
<http://purl.obolibrary.org/obo/ENVO_00000261>	"TGN:21607"
<http://purl.obolibrary.org/obo/ENVO_01000342>	"LTER:350"
<http://purl.obolibrary.org/obo/PO_0020148>	"PO_GIT:472"
<http://purl.obolibrary.org/obo/PO_0025430>	"PO_GIT:427"
<http://purl.obolibrary.org/obo/CHEBI_17891>	"KEGG:C01351"
<http://purl.obolibrary.org/obo/ENVO_01000177>	"SPIRE:Savannah_or_grassland"
<http://purl.obolibrary.org/obo/ENVO_01001646>	<http://vocab.nerc.ac.uk/collection/S23/current/S23C014/>
<http://purl.obolibrary.org/obo/ENVO_01001239>	"https://en.wikipedia.org/wiki/Canopy"
<http://purl.obolibrary.org/obo/ENVO_01001239>	"SWEETRealm:Canopy"
<http://purl.obolibrary.org/obo/ENVO_01001239>	"LTER:82"
<http://purl.obolibrary.org/obo/ENVO_01001239>	"EcoLexicon:canopy"
<http://purl.obolibrary.org/obo/ENVO_01001617>	"http://sweetontology.net/phenCryo/Accumulation"
<http://purl.obolibrary.org/obo/ENVO_00000000>	"https://en.wikipedia.org/wiki/Geographic_feature"
<http://purl.obolibrary.org/obo/PO_0004010>	"CL:0000034"
<http://purl.obolibrary.org/obo/PO_0004010>	"PO_GIT:272"
<http://purl.obolibrary.org/obo/ENVO_00000016>	"Geonames:H.SEA"
<http://purl.obolibrary.org/obo/ENVO_00000016>	"EcoLexicon:sea"
<http://purl.obolibrary.org/obo/ENVO_00000016>	"TGN:21103"
<http://purl.obolibrary.org/obo/ENVO_00000016>	"FTT:830"
<http://purl.obolibrary.org/obo/ENVO_00000016>	"https://en.wikipedia.org/wiki/Sea"
<http://purl.obolibrary.org/obo/ENVO_00000016>	"FTT:233"
<http://purl.obolibrary.org/obo/ENVO_01001211>	"NCIT:C44445"
<http://purl.obolibrary.org/obo/ENVO_00002264>	"SWEETRealm:Waste"
<http://purl.obolibrary.org/obo/ENVO_00002264>	"EcoLexicon:waste"
<http://purl.obolibrary.org/obo/ENVO_00002264>	"https://en.wikipedia.org/wiki/Waste"
<http://purl.obolibrary.org/obo/ENVO_01000179>	"SPIRE:Desert_or_dune"
<http://purl.obolibrary.org/obo/ENVO_00000097>	"https://en.wikipedia.org/wiki/Desert"
<http://purl.obolibrary.org/obo/ENVO_00000097>	"LTER:147"
<http://purl.obolibrary.org/obo/ENVO_00000097>	"FTT:1"
<http://purl.obolibrary.org/obo/ENVO_00000097>	"TGN:21201"
<http://purl.obolibrary.org/obo/ENVO_00000097>	"SWEETRealm:Desert"
<http://purl.obolibrary.org/obo/ENVO_00000097>	"FTT:188"
<http://purl.obolibrary.org/obo/ENVO_00000097>	"EcoLexicon:desert"
<http://purl.obolibrary.org/obo/ENVO_00000097>	"Geonames:T.DSRT"
<http://purl.obolibrary.org/obo/ENVO_00000077>	"FTT:45"
<http://purl.obolibrary.org/obo/ENVO_00000077>	"FTT:51"
<http://purl.obolibrary.org/obo/ENVO_00000077>	"FTT:64"
<http://purl.obolibrary.org/obo/ENVO_00000077>	"FTT:46"
<http://purl.obolibrary.org/obo/ENVO_00000077>	"FTT:44"
<http://purl.obolibrary.org/obo/ENVO_00000077>	"FTT:74"
<http://purl.obolibrary.org/obo/ENVO_00000077>	"Geonames:L.AGRC"
<http://purl.obolibrary.org/obo/ENVO_00000077>	"Geonames:S.NSY"
<http://purl.obolibrary.org/obo/ENVO_00000077>	"FTT:62"
<http://purl.obolibrary.org/obo/ENVO_00000077>	"FTT:1246"
<http://purl.obolibrary.org/obo/ENVO_00000077>	"FTT:57"
<http://purl.obolibrary.org/obo/ENVO_00000077>	"FTT:72"
<http://purl.obolibrary.org/obo/ENVO_00000077>	"FTT:52"
<http://purl.obolibrary.org/obo/ENVO_00000077>	"FTT:1247"
<http://purl.obolibrary.org/obo/ENVO_00000077>	"FTT:50"
<http://purl.obolibrary.org/obo/ENVO_00000077>	"FTT:60"
<http://purl.obolibrary.org/obo/ENVO_00000077>	"FTT:48"
<http://purl.obolibrary.org/obo/ENVO_00000077>	"FTT:63"
<http://purl.obolibrary.org/obo/ENVO_00000077>	"TGN:55001"
<http://purl.obolibrary.org/obo/ENVO_00000077>	"Geonames:L.RESA"
<http://purl.obolibrary.org/obo/ENVO_00002215>	"SWEETRealm:GeothermalPowerPlant"
<http://purl.obolibrary.org/obo/ENVO_00002215>	"https://en.wikipedia.org/wiki/Geothermal_power_plant"
<http://purl.obolibrary.org/obo/ENVO_00000020>	"Geonames:H.LKS"
<http://purl.obolibrary.org/obo/ENVO_00000020>	"LTER:278"
<http://purl.obolibrary.org/obo/ENVO_00000020>	"Geonames:H.LK"
<http://purl.obolibrary.org/obo/ENVO_00000020>	"TGN:21115"
<http://purl.obolibrary.org/obo/ENVO_00000020>	"SWEETRealm:Lake"
<http://purl.obolibrary.org/obo/ENVO_00000020>	"FTT:909"
<http://purl.obolibrary.org/obo/ENVO_00000020>	"SPIRE:Lake_or_pond"
<http://purl.obolibrary.org/obo/ENVO_00000020>	"FTT:221"
<http://purl.obolibrary.org/obo/ENVO_00000020>	"EcoLexicon:lake"
<http://purl.obolibrary.org/obo/ENVO_00000020>	"TGN:21114"
<http://purl.obolibrary.org/obo/ENVO_00000020>	"FTT:704"
<http://purl.obolibrary.org/obo/PO_0025025>	"FNA:b7ce680b-c6ed-4d2e-81e6-66970f7deff9"
<http://purl.obolibrary.org/obo/PO_0025025>	"PO_GIT:136"
<http://purl.obolibrary.org/obo/ENVO_00000063>	"FTT:131"
<http://purl.obolibrary.org/obo/ENVO_00000063>	"FTT:280"
<http://purl.obolibrary.org/obo/ENVO_00000063>	"SWEETRealm:BodyOfWater"
<http://purl.obolibrary.org/obo/ENVO_00000063>	"EcoLexicon:waterbody"
<http://purl.obolibrary.org/obo/ENVO_00000063>	"TGN:21101"
<http://purl.obolibrary.org/obo/ENVO_00000063>	"FTT:827"
<http://purl.obolibrary.org/obo/ENVO_00000063>	"https://en.wikipedia.org/wiki/Water_body"
<http://purl.obolibrary.org/obo/ENVO_00000063>	"TGN:21100"
<http://purl.obolibrary.org/obo/ENVO_01000250>	"LTER:72"
<http://purl.obolibrary.org/obo/ENVO_01000250>	"SPIRE:Taiga"
<http://purl.obolibrary.org/obo/ENVO_01000250>	"EcoLexicon:taiga"
<http://purl.obolibrary.org/obo/ENVO_00000109>	"TGN:21641"
<http://purl.obolibrary.org/obo/ENVO_00000109>	"TGN:21632"
<http://purl.obolibrary.org/obo/ENVO_00000109>	"TGN:21631"
<http://purl.obolibrary.org/obo/ENVO_00000109>	"FTT:1083"
<http://purl.obolibrary.org/obo/ENVO_00000109>	"Geonames:V.GRVPN"
<http://purl.obolibrary.org/obo/ENVO_00000109>	"SWEETRealm:Break"
<http://purl.obolibrary.org/obo/ENVO_00000109>	"FTT:719"
<http://purl.obolibrary.org/obo/ENVO_00000109>	"LTER:503"
<http://purl.obolibrary.org/obo/ENVO_00000109>	"SWEETRealm:Scrub"
<http://purl.obolibrary.org/obo/ENVO_00000109>	"FTT:506"
<http://purl.obolibrary.org/obo/ENVO_00000109>	"FTT:505"
<http://purl.obolibrary.org/obo/ENVO_00000109>	"FTT:774"
<http://purl.obolibrary.org/obo/ENVO_00000109>	"https://en.wikipedia.org/wiki/Woodland"
<http://purl.obolibrary.org/obo/ENVO_01001110>	"LTER:173"
<http://purl.obolibrary.org/obo/ENVO_00002982>	"EcoLexicon:clay"
<http://purl.obolibrary.org/obo/ENVO_00002982>	"SWEETRealm:Clay"
<http://purl.obolibrary.org/obo/PO_0025128>	"PO_GIT:466"
<http://purl.obolibrary.org/obo/ENVO_00002169>	"https://en.wikipedia.org/wiki/Coal_mine"
<http://purl.obolibrary.org/obo/ENVO_00002040>	"SWEETRealm:Wood"
<http://purl.obolibrary.org/obo/ENVO_00002040>	"LTER:637"
<http://purl.obolibrary.org/obo/ENVO_00002040>	"EcoLexicon:wood"
<http://purl.obolibrary.org/obo/ENVO_00002040>	"https://en.wikipedia.org/wiki/Wood"
<http://purl.obolibrary.org/obo/ENVO_01000005>	"https://en.wikipedia.org/wiki/Upwelling"
<http://purl.obolibrary.org/obo/ENVO_01000005>	"EcoLexicon:upwelling"
<http://purl.obolibrary.org/obo/ENVO_01000005>	"SWEETRealm:Upwelling"
<http://purl.obolibrary.org/obo/ENVO_01000005>	"EcoLexicon:upwell"
<http://purl.obolibrary.org/obo/PO_0000003>	"FNA:ba1b1bd5-75bd-4195-b11c-3aba08da08c2"
<http://purl.obolibrary.org/obo/PO_0000003>	"PO_GIT:69"
<http://purl.obolibrary.org/obo/PO_0000003>	"FNA:ec8c2064-2a67-43d7-8e14-aecfef5cf33b"
<http://purl.obolibrary.org/obo/PO_0000003>	"FNA:e4dde193-57f7-4ab9-9d25-96b4ca0088ba"
<http://purl.obolibrary.org/obo/PO_0000003>	"FNA:4b610104-1bb0-4c6b-9bb9-e3cc61d11ac0"
<http://purl.obolibrary.org/obo/PO_0000003>	"FNA:c1ccca7d-2a98-4a9d-8603-c34b551935e0"
<http://purl.obolibrary.org/obo/PO_0000003>	"PO_GIT:538"
<http://purl.obolibrary.org/obo/PO_0000003>	"FNA:f8f31520-e4bc-4430-9274-8dd3cee7ffd8"
<http://purl.obolibrary.org/obo/PO_0000003>	"FNA:99508f62-7116-4e2b-90c0-19ff55ebd967"
<http://purl.obolibrary.org/obo/ENVO_01000667>	"SWEETRealm:Fissure"
<http://purl.obolibrary.org/obo/ENVO_00000299>	"FTT:837"
<http://purl.obolibrary.org/obo/ENVO_00000299>	"TGN:21147"
<http://purl.obolibrary.org/obo/ENVO_00000299>	"SWEETRealm:IceField"
<http://purl.obolibrary.org/obo/ENVO_00000299>	"FTT:835"
<http://purl.obolibrary.org/obo/ENVO_00000299>	"FTT:836"
<http://purl.obolibrary.org/obo/ENVO_00000299>	"FTT:839"
<http://purl.obolibrary.org/obo/ENVO_00000299>	"FTT:841"
<http://purl.obolibrary.org/obo/ENVO_00000299>	"FTT:840"
<http://purl.obolibrary.org/obo/ENVO_00000299>	"FTT:842"
<http://purl.obolibrary.org/obo/ENVO_00000299>	"FTT:758"
<http://purl.obolibrary.org/obo/ENVO_00000299>	"FTT:838"
<http://purl.obolibrary.org/obo/PO_0009005>	"FNA:bf0ce902-e91c-401a-92a8-26b20142ce5f"
<http://purl.obolibrary.org/obo/PO_0009005>	"PO_GIT:578"
<http://purl.obolibrary.org/obo/ENVO_00000028>	"https://en.wikipedia.org/wiki/Sand_pit"
<http://purl.obolibrary.org/obo/ENVO_00000428>	"LTER:809"
<http://purl.obolibrary.org/obo/ENVO_00000428>	"EcoLexicon:biome"
<http://purl.obolibrary.org/obo/ENVO_00000012>	"FTT:131"
<http://purl.obolibrary.org/obo/ENVO_00000012>	"FTT:828"
<http://purl.obolibrary.org/obo/ENVO_00000012>	"FTT:826"
<http://purl.obolibrary.org/obo/ENVO_00000012>	"FTT:711"
<http://purl.obolibrary.org/obo/ENVO_00000012>	"FTT:824"
<http://purl.obolibrary.org/obo/ENVO_00000012>	"FTT:761"
<http://purl.obolibrary.org/obo/ENVO_00000012>	"FTT:829"
<http://purl.obolibrary.org/obo/ENVO_00000012>	"Geonames:H.OVF"
<http://purl.obolibrary.org/obo/ENVO_00000012>	"FTT:280"
<http://purl.obolibrary.org/obo/ENVO_00000012>	"FTT:827"
<http://purl.obolibrary.org/obo/ENVO_00000012>	"FTT:825"
<http://purl.obolibrary.org/obo/PO_0009012>	"TAIR:0000205"
<http://purl.obolibrary.org/obo/PO_0009012>	"PO_GIT:185"
<http://purl.obolibrary.org/obo/GO_0008150>	"Wikipedia:Biological_process"
<http://purl.obolibrary.org/obo/ENVO_00000134>	<http://sweetontology.net/realmSoil/Permafrost>
<http://purl.obolibrary.org/obo/ENVO_00000134>	"LTER:408"
<http://purl.obolibrary.org/obo/ENVO_00000134>	"https://en.wikipedia.org/wiki/Permafrost"
<http://purl.obolibrary.org/obo/ENVO_01000340>	"LTER:26"
<http://purl.obolibrary.org/obo/ENVO_01001191>	"SWEETRealm:SurfaceWater"
<http://purl.obolibrary.org/obo/ENVO_01001191>	"EcoLexicon:surface_water"
<http://purl.obolibrary.org/obo/ENVO_01001191>	"https://en.wikipedia.org/wiki/Surface_water"
<http://purl.obolibrary.org/obo/ENVO_01000869>	"NLCD:52"
<http://purl.obolibrary.org/obo/ENVO_00000501>	"EcoLexicon:bed"
<http://purl.obolibrary.org/obo/ENVO_00000501>	"FTT:804"
<http://purl.obolibrary.org/obo/ENVO_00000501>	"SWEETRealm:Bottom"
<http://purl.obolibrary.org/obo/ENVO_00000501>	"https://en.wikipedia.org/wiki/Stream_bed"
<http://purl.obolibrary.org/obo/ENVO_01000017>	"EcoLexicon:sand"
<http://purl.obolibrary.org/obo/ENVO_01000017>	"SWEETRealm:Sand"
<http://purl.obolibrary.org/obo/ENVO_01000017>	"LTER:484"
<http://purl.obolibrary.org/obo/ENVO_01000017>	"https://en.wikipedia.org/wiki/Sand"
<http://purl.obolibrary.org/obo/ENVO_00002008>	"EcoLexicon:dust"
<http://purl.obolibrary.org/obo/ENVO_00002008>	"SWEETRealm:Dust"
<http://purl.obolibrary.org/obo/ENVO_00002008>	"https://en.wikipedia.org/wiki/Dust"
<http://purl.obolibrary.org/obo/CHEBI_30212>	"KEGG:C00205"
<http://purl.obolibrary.org/obo/ENVO_00000339>	"TGN:21444"
<http://purl.obolibrary.org/obo/ENVO_00000339>	"FTT:1010"
<http://purl.obolibrary.org/obo/ENVO_00000339>	"Geonames:T.RKS"
<http://purl.obolibrary.org/obo/ENVO_00000339>	"FTT:145"
<http://purl.obolibrary.org/obo/ENVO_00000339>	"Geonames:T.RK"
<http://purl.obolibrary.org/obo/ENVO_00000003>	"FTT:631"
<http://purl.obolibrary.org/obo/ENVO_00000003>	"FTT:625"
<http://purl.obolibrary.org/obo/ENVO_00001998>	"SWEETRealm:Soil"
<http://purl.obolibrary.org/obo/ENVO_00001998>	"SPIRE:Soil"
<http://purl.obolibrary.org/obo/ENVO_00001998>	"https://en.wikipedia.org/wiki/Soil"
<http://purl.obolibrary.org/obo/ENVO_00001998>	"LTER:535"
<http://purl.obolibrary.org/obo/NCBITaxon_131567>	"GC_ID:1"
<http://purl.obolibrary.org/obo/ENVO_01001242>	"SWEETRealm:Canopy"
<http://purl.obolibrary.org/obo/ENVO_01001242>	"LTER:82"
<http://purl.obolibrary.org/obo/ENVO_01001242>	"EcoLexicon:canopy"
<http://purl.obolibrary.org/obo/ENVO_02000093>	<https://en.wikipedia.org/wiki/Uranium_mining>
<http://purl.obolibrary.org/obo/ENVO_00000447>	"SPIRE:Marine"
<http://purl.obolibrary.org/obo/ENVO_00000128>	"https://en.wikipedia.org/wiki/Dry_valley"
<http://purl.obolibrary.org/obo/ENVO_00000010>	"FTT:83"
<http://purl.obolibrary.org/obo/PO_0006210>	"PO_GIT:125"
<http://purl.obolibrary.org/obo/ENVO_01001619>	"http://sweetontology.net/phenCryo/Accumulation"
<http://purl.obolibrary.org/obo/CHEBI_138675>	"Wikipedia:https://en.wikipedia.org/wiki/Gas"
<http://purl.obolibrary.org/obo/CHEBI_51143>	"KEGG:C06061"
<http://purl.obolibrary.org/obo/PO_0025496>	"PO_GIT:480"
<http://purl.obolibrary.org/obo/ENVO_01000155>	"EcoLexicon:organic_material"
<http://purl.obolibrary.org/obo/ENVO_00000284>	"TGN:54217"
<http://purl.obolibrary.org/obo/ENVO_00000284>	"https://en.wikipedia.org/wiki/Quarry"
<http://purl.obolibrary.org/obo/ENVO_00000284>	"FTT:974"
<http://purl.obolibrary.org/obo/ENVO_00000284>	"Geonames:S.MNQR"
<http://purl.obolibrary.org/obo/ENVO_00000284>	"FTT:14"
<http://purl.obolibrary.org/obo/ENVO_00000284>	"EcoLexicon:quarry"
<http://purl.obolibrary.org/obo/ENVO_00000191>	"EcoLexicon:landforms"
<http://purl.obolibrary.org/obo/ENVO_00000191>	"FTT:96"
<http://purl.obolibrary.org/obo/ENVO_00000191>	"TGN:21401"
<http://purl.obolibrary.org/obo/ENVO_00000191>	"SWEETRealm:Landform"
<http://purl.obolibrary.org/obo/ENVO_00000191>	"EcoLexicon:landform"
<http://purl.obolibrary.org/obo/ENVO_00000191>	"TGN:21400"
<http://purl.obolibrary.org/obo/ENVO_00000191>	"FTT:754"
<http://purl.obolibrary.org/obo/PO_0005029>	"PO_GIT:467"
<http://purl.obolibrary.org/obo/ENVO_00000019>	"FTT:907"
<http://purl.obolibrary.org/obo/ENVO_00000019>	"TGN:21116"
<http://purl.obolibrary.org/obo/ENVO_00000019>	"Geonames:H.LKN"
<http://purl.obolibrary.org/obo/ENVO_00000019>	"FTT:221"
<http://purl.obolibrary.org/obo/ENVO_00000019>	"https://en.wikipedia.org/wiki/Saline_lake"
<http://purl.obolibrary.org/obo/ENVO_00000019>	"Geonames:H.LKSN"
<http://purl.obolibrary.org/obo/ENVO_00002030>	"LTER:41"
<http://purl.obolibrary.org/obo/ENVO_01001240>	"EcoLexicon:canopy"
<http://purl.obolibrary.org/obo/ENVO_01001240>	"https://en.wikipedia.org/wiki/Canopy"
<http://purl.obolibrary.org/obo/ENVO_01001240>	"LTER:82"
<http://purl.obolibrary.org/obo/ENVO_01001240>	"SWEETRealm:Canopy"
<http://purl.obolibrary.org/obo/ENVO_03000143>	<http://sweetontology.net/realm/Cryosphere>
<http://purl.obolibrary.org/obo/ENVO_01000256>	"LTER:341"
<http://purl.obolibrary.org/obo/ENVO_01000206>	"SPIRE:Temperate"
<http://purl.obolibrary.org/obo/ENVO_00000233>	"FTT:185"
<http://purl.obolibrary.org/obo/ENVO_00000233>	"Geonames:H.SWMP"
<http://purl.obolibrary.org/obo/ENVO_00000233>	"https://en.wikipedia.org/wiki/Swamp"
<http://purl.obolibrary.org/obo/ENVO_00000233>	"TGN:21324"
<http://purl.obolibrary.org/obo/ENVO_00000233>	"SPIRE:Swamp"
<http://purl.obolibrary.org/obo/ENVO_00000233>	"EcoLexicon:swamp"
<http://purl.obolibrary.org/obo/ENVO_00000233>	"SWEETRealm:Swamp"
<http://purl.obolibrary.org/obo/ENVO_00000233>	"FTT:1226"
<http://purl.obolibrary.org/obo/ENVO_00000233>	"FTT:480"
<http://purl.obolibrary.org/obo/CHEBI_33839>	"Wikipedia:Macromolecule"
<http://purl.obolibrary.org/obo/ENVO_01000888>	"NLCD:71"
<http://purl.obolibrary.org/obo/ENVO_01000752>	"NLCD:31"
<http://purl.obolibrary.org/obo/ENVO_01000016>	"SWEETRealm:Silt"
<http://purl.obolibrary.org/obo/ENVO_01000016>	"EcoLexicon:silt"
<http://purl.obolibrary.org/obo/ENVO_01000016>	"https://en.wikipedia.org/wiki/Silt"
<http://purl.obolibrary.org/obo/ENVO_01001206>	"EcoLexicon:grassland"
<http://purl.obolibrary.org/obo/ENVO_01001206>	"Geonames:V.GRSLD"
<http://purl.obolibrary.org/obo/ENVO_01001206>	"TGN:21604"
<http://purl.obolibrary.org/obo/ENVO_01001206>	"FTT:259"
<http://purl.obolibrary.org/obo/ENVO_01001206>	"LTER:232"
<http://purl.obolibrary.org/obo/ENVO_01001206>	"TGN:54052"
<http://purl.obolibrary.org/obo/ENVO_01001206>	"FTT:760"
<http://purl.obolibrary.org/obo/ENVO_01001206>	"FTT:766"
<http://purl.obolibrary.org/obo/ENVO_00000073>	"FTT:42"
<http://purl.obolibrary.org/obo/ENVO_00000073>	"LTER:76"
<http://purl.obolibrary.org/obo/ENVO_00000073>	"Geonames:S.BLDG"
<http://purl.obolibrary.org/obo/ENVO_00000073>	"https://en.wikipedia.org/wiki/Building"
<http://purl.obolibrary.org/obo/ENVO_00000073>	"TGN:51011"
<http://purl.obolibrary.org/obo/NCBITaxon_1>	"GC_ID:1"
<http://purl.obolibrary.org/obo/ENVO_00003968>	"https://en.wikipedia.org/wiki/Air_filter"
<http://purl.obolibrary.org/obo/GENO_0000902>	"VMC:Location"
<http://purl.obolibrary.org/obo/GO_0016301>	"Reactome:R-HSA-6788867"
<http://purl.obolibrary.org/obo/GO_0016301>	"Reactome:R-HSA-6788855"
<http://purl.obolibrary.org/obo/GENO_0000702>	"VMC:State"
<http://purl.obolibrary.org/obo/ExO_0000110>	"https://ncit.nci.nih.gov/ncitbrowser/pages/concept_details.jsf?dictionary=NCI_Thesaurus&version=16.07d&code=C28421&ns=NCI_Thesaurus&type=properties&key=n1987444752&b=1&n=0&vse=null"
<http://purl.obolibrary.org/obo/ExO_0000103>	"https://ncit.nci.nih.gov/ncitbrowser/pages/concept_details.jsf?dictionary=NCI_Thesaurus&version=16.07d&code=C121660&ns=NCI_Thesaurus&type=properties&key=n821927297&b=1&n=0&vse=null"
<http://purl.obolibrary.org/obo/RBO_00002025>	"http://purl.bioontology.org/ontology/CSP/2482-9501"
<http://purl.obolibrary.org/obo/RBO_00000123>	"GO:0008150"
<http://purl.obolibrary.org/obo/RBO_00015015>	"http://ncicb.nci.nih.gov/xml/owl/EVS/Thesaurus.owl#C64355"
<http://purl.obolibrary.org/obo/RBO_00002024>	"http://ncicb.nci.nih.gov/xml/owl/EVS/Thesaurus.owl#C28278"
<http://purl.obolibrary.org/obo/RBO_00000115>	"NCIT:C150121"
<http://purl.obolibrary.org/obo/RBO_00002048>	"http://purl.bioontology.org/ontology/CSP/0690-6917"
<http://purl.obolibrary.org/obo/RBO_00000117>	"NCIT:C18982"
<http://purl.obolibrary.org/obo/RBO_00005066>	"UO:0010065"
<http://purl.obolibrary.org/obo/RBO_00002117>	"obo:RBO_0002000"
<http://purl.obolibrary.org/obo/RBO_00002054>	"http://purl.bioontology.org/ontology/CSP/1448-3909"
<http://purl.obolibrary.org/obo/RBO_00000112>	"NCIT:C17052"
<http://purl.obolibrary.org/obo/RBO_00000122>	"MESH:D009688"
<http://purl.obolibrary.org/obo/RBO_00000121>	"NCIT:C94854"
<http://purl.obolibrary.org/obo/RBO_00002039>	"http://ncicb.nci.nih.gov/xml/owl/EVS/Thesaurus.owl#C16160"
<http://purl.obolibrary.org/obo/RBO_00015005>	"http://purl.obolibrary.org/obo/REX_0000007"
<http://purl.obolibrary.org/obo/GO_0051716>	"Reactome:R-HSA-8953897"
<http://purl.obolibrary.org/obo/RBO_00002041>	"http://purl.obolibrary.org/obo/NCIT_C129000"
<http://purl.obolibrary.org/obo/RBO_00015004>	"http://purl.obolibrary.org/obo/REX_0000017"
<http://purl.obolibrary.org/obo/RBO_00000124>	"GO:0009987"
<http://purl.obolibrary.org/obo/RBO_00002017>	"http://purl.bioontology.org/ontology/CSP/4006-0105"
<http://purl.obolibrary.org/obo/RBO_00000116>	"NCIT:C17052"
<http://purl.obolibrary.org/obo/RBO_00002015>	"http://purl.biolontology.org/ontology/CSP/1580-0981"
<http://purl.obolibrary.org/obo/RBO_00000120>	"NCIT:C44386"
<http://purl.obolibrary.org/obo/RBO_00002058>	"http://purl.bioontology.org/ontology/CSP/5000-0002"
<http://purl.obolibrary.org/obo/RBO_00000119>	"NCIT:C19662"
<http://purl.obolibrary.org/obo/RBO_00000058>	"obo:RBO_00000060"
<http://purl.obolibrary.org/obo/RBO_00000113>	"NCIT:C17052"
<http://purl.obolibrary.org/obo/RBO_00000118>	"NCIT:C19015"
<http://purl.obolibrary.org/obo/RBO_00002040>	"http://ncicb.nci.nih.gov/xml/owl/EVS/Thesaurus.owl#C142646"
<http://purl.obolibrary.org/obo/CHEBI_25805>	"KEGG:C00007"
<http://purl.obolibrary.org/obo/CHEBI_25805>	"WebElements:O"
<http://purl.obolibrary.org/obo/CHEBI_46629>	"PDBeChem:O"
<http://purl.obolibrary.org/obo/CHEBI_33575>	"PMID:18433345"
<http://purl.obolibrary.org/obo/CHEBI_33575>	"Wikipedia:Carboxylic_acid"
<http://purl.obolibrary.org/obo/CHEBI_33575>	"PMID:17147560"
<http://purl.obolibrary.org/obo/CHEBI_76759>	"Wikipedia:Hydrolase"
<http://purl.obolibrary.org/obo/CHEBI_24636>	"CAS:12408-02-5"
<http://purl.obolibrary.org/obo/CHEBI_24636>	"KEGG:C00080"
<http://purl.obolibrary.org/obo/CHEBI_33314>	"WebElements:Rn"
<http://purl.obolibrary.org/obo/CHEBI_33314>	"Gmelin:16242"
<http://purl.obolibrary.org/obo/CHEBI_33314>	"CAS:10043-92-2"
<http://purl.obolibrary.org/obo/CHEBI_16670>	"KEGG:C00012"
<http://purl.obolibrary.org/obo/CHEBI_37527>	"KEGG:C00174"
<http://purl.obolibrary.org/obo/CHEBI_15378>	"KEGG:C00080"
<http://purl.obolibrary.org/obo/CHEBI_13941>	"CAS:302-11-4"
<http://purl.obolibrary.org/obo/CHEBI_13941>	"Beilstein:3903503"
<http://purl.obolibrary.org/obo/CHEBI_13941>	"Gmelin:239604"
<http://purl.obolibrary.org/obo/CHEBI_33709>	"Wikipedia:Amino_acid"
<http://purl.obolibrary.org/obo/CHEBI_78608>	"MetaCyc:Alpha-Amino-Acids"
<http://purl.obolibrary.org/obo/CHEBI_16541>	"KEGG:C00017"
<http://purl.obolibrary.org/obo/CHEBI_49637>	"WebElements:H"
<http://purl.obolibrary.org/obo/CHEBI_77941>	"Wikipedia:Amidase"
<http://purl.obolibrary.org/obo/CHEBI_33704>	"KEGG:C00045"
<http://purl.obolibrary.org/obo/CHEBI_33704>	"KEGG:C05167"
<http://purl.obolibrary.org/obo/CHEBI_36916>	"KEGG:C01373"
<http://purl.obolibrary.org/obo/CHEBI_25555>	"WebElements:N"
<http://purl.obolibrary.org/obo/CHEBI_15841>	"KEGG:C00403"
<http://purl.obolibrary.org/obo/CHEBI_30412>	"KEGG:C00572"
<http://purl.obolibrary.org/obo/CHEBI_27594>	"WebElements:C"
<http://purl.obolibrary.org/obo/CHEBI_27594>	"KEGG:C06265"
<http://purl.obolibrary.org/obo/CHEBI_27594>	"CAS:7440-44-0"
<http://purl.obolibrary.org/obo/CHEBI_23357>	"Wikipedia:Cofactor_(biochemistry)"
<http://purl.obolibrary.org/obo/CHEBI_23004>	"PMID:24168430"
<http://purl.obolibrary.org/obo/CHEBI_22695>	"KEGG:C00701"
<http://purl.obolibrary.org/obo/CHEBI_78433>	"Wikipedia:Refrigerant"
<http://purl.obolibrary.org/obo/CHEBI_28616>	"Wikipedia:Carbamic_acid"
<http://purl.obolibrary.org/obo/CHEBI_28616>	"DrugBank:DB04261"
<http://purl.obolibrary.org/obo/CHEBI_28616>	"Beilstein:1734754"
<http://purl.obolibrary.org/obo/CHEBI_28616>	"PDBeChem:OUT"
<http://purl.obolibrary.org/obo/CHEBI_28616>	"KEGG:C01563"
<http://purl.obolibrary.org/obo/CHEBI_28616>	"Gmelin:130345"
<http://purl.obolibrary.org/obo/CHEBI_28616>	"CAS:463-77-4"
<http://purl.obolibrary.org/obo/CHEBI_43176>	"PDBeChem:OH"
<http://purl.obolibrary.org/obo/CHEBI_28938>	"PMID:11341317"
<http://purl.obolibrary.org/obo/CHEBI_28938>	"KEGG:C01342"
<http://purl.obolibrary.org/obo/CHEBI_28938>	"PDBeChem:NH4"
<http://purl.obolibrary.org/obo/CHEBI_28938>	"PMID:12096804"
<http://purl.obolibrary.org/obo/CHEBI_28938>	"Wikipedia:Ammonium"
<http://purl.obolibrary.org/obo/CHEBI_28938>	"MolBase:929"
<http://purl.obolibrary.org/obo/CHEBI_28938>	"PMID:11319011"
<http://purl.obolibrary.org/obo/CHEBI_28938>	"MetaCyc:AMMONIUM"
<http://purl.obolibrary.org/obo/CHEBI_28938>	"PMID:22631217"
<http://purl.obolibrary.org/obo/CHEBI_28938>	"PMID:19199063"
<http://purl.obolibrary.org/obo/CHEBI_28938>	"PMID:18515490"
<http://purl.obolibrary.org/obo/CHEBI_28938>	"PMID:19596600"
<http://purl.obolibrary.org/obo/CHEBI_28938>	"PMID:17392693"
<http://purl.obolibrary.org/obo/CHEBI_28938>	"PMID:22524020"
<http://purl.obolibrary.org/obo/CHEBI_28938>	"PMID:16903292"
<http://purl.obolibrary.org/obo/CHEBI_28938>	"PMID:22562341"
<http://purl.obolibrary.org/obo/CHEBI_28938>	"PMID:21993530"
<http://purl.obolibrary.org/obo/CHEBI_28938>	"PMID:16345391"
<http://purl.obolibrary.org/obo/CHEBI_28938>	"Gmelin:84"
<http://purl.obolibrary.org/obo/CHEBI_28938>	"CAS:14798-03-9"
<http://purl.obolibrary.org/obo/CHEBI_28938>	"PMID:19716251"
<http://purl.obolibrary.org/obo/CHEBI_28938>	"PMID:14879753"
<http://purl.obolibrary.org/obo/CHEBI_28938>	"Reaxys:16093784"
<http://purl.obolibrary.org/obo/CHEBI_28938>	"PMID:22265469"
<http://purl.obolibrary.org/obo/CHEBI_28938>	"PMID:14512268"
<http://purl.obolibrary.org/obo/CHEBI_28938>	"PMID:19682559"
<http://purl.obolibrary.org/obo/CHEBI_33303>	"PMID:17084588"
<http://purl.obolibrary.org/obo/CHEBI_46883>	"PDBeChem:FMT"
<http://purl.obolibrary.org/obo/CHEBI_15339>	"KEGG:C16722"
<http://purl.obolibrary.org/obo/CHEBI_15339>	"KEGG:C00028"
<http://purl.obolibrary.org/obo/CHEBI_32988>	"KEGG:C00241"
<http://purl.obolibrary.org/obo/CHEBI_30216>	"Gmelin:53474"
<http://purl.obolibrary.org/obo/CHEBI_30217>	"Gmelin:16294"
<http://purl.obolibrary.org/obo/CHEBI_30217>	"CAS:7440-59-7"
<http://purl.obolibrary.org/obo/CHEBI_30217>	"Drug_Central:4262"
<http://purl.obolibrary.org/obo/CHEBI_30217>	"WebElements:He"
<http://purl.obolibrary.org/obo/CHEBI_50910>	"Wikipedia:Neurotoxin"
<http://purl.obolibrary.org/obo/CHEBI_16134>	"PMID:11746427"
<http://purl.obolibrary.org/obo/CHEBI_16134>	"CAS:7664-41-7"
<http://purl.obolibrary.org/obo/CHEBI_16134>	"HMDB:HMDB0000051"
<http://purl.obolibrary.org/obo/CHEBI_16134>	"PMID:16842901"
<http://purl.obolibrary.org/obo/CHEBI_16134>	"MolBase:930"
<http://purl.obolibrary.org/obo/CHEBI_16134>	"PMID:22342082"
<http://purl.obolibrary.org/obo/CHEBI_16134>	"PMID:17025297"
<http://purl.obolibrary.org/obo/CHEBI_16134>	"Gmelin:79"
<http://purl.obolibrary.org/obo/CHEBI_16134>	"PMID:15969015"
<http://purl.obolibrary.org/obo/CHEBI_16134>	"PMID:16008360"
<http://purl.obolibrary.org/obo/CHEBI_16134>	"PMID:15554424"
<http://purl.obolibrary.org/obo/CHEBI_16134>	"PMID:16050680"
<http://purl.obolibrary.org/obo/CHEBI_16134>	"KNApSAcK:C00007267"
<http://purl.obolibrary.org/obo/CHEBI_16134>	"PMID:22385337"
<http://purl.obolibrary.org/obo/CHEBI_16134>	"KEGG:D02916"
<http://purl.obolibrary.org/obo/CHEBI_16134>	"PMID:15092448"
<http://purl.obolibrary.org/obo/CHEBI_16134>	"PMID:110589"
<http://purl.obolibrary.org/obo/CHEBI_16134>	"PMID:17737668"
<http://purl.obolibrary.org/obo/CHEBI_16134>	"PMID:22002069"
<http://purl.obolibrary.org/obo/CHEBI_16134>	"PMID:16664306"
<http://purl.obolibrary.org/obo/CHEBI_16134>	"PMID:15094021"
<http://purl.obolibrary.org/obo/CHEBI_16134>	"PMID:14663195"
<http://purl.obolibrary.org/obo/CHEBI_16134>	"PMID:22290316"
<http://purl.obolibrary.org/obo/CHEBI_16134>	"MetaCyc:AMMONIA"
<http://purl.obolibrary.org/obo/CHEBI_16134>	"PMID:22240068"
<http://purl.obolibrary.org/obo/CHEBI_16134>	"PMID:17439666"
<http://purl.obolibrary.org/obo/CHEBI_16134>	"PMID:18670398"
<http://purl.obolibrary.org/obo/CHEBI_16134>	"Drug_Central:4625"
<http://purl.obolibrary.org/obo/CHEBI_16134>	"PDBeChem:NH3"
<http://purl.obolibrary.org/obo/CHEBI_16134>	"PMID:16614889"
<http://purl.obolibrary.org/obo/CHEBI_16134>	"PMID:22081570"
<http://purl.obolibrary.org/obo/CHEBI_16134>	"PMID:22100291"
<http://purl.obolibrary.org/obo/CHEBI_16134>	"Reaxys:3587154"
<http://purl.obolibrary.org/obo/CHEBI_16134>	"PMID:13753780"
<http://purl.obolibrary.org/obo/CHEBI_16134>	"PMID:11139349"
<http://purl.obolibrary.org/obo/CHEBI_16134>	"PMID:16349403"
<http://purl.obolibrary.org/obo/CHEBI_16134>	"Wikipedia:Ammonia"
<http://purl.obolibrary.org/obo/CHEBI_16134>	"PMID:22150211"
<http://purl.obolibrary.org/obo/CHEBI_16134>	"PMID:22088435"
<http://purl.obolibrary.org/obo/CHEBI_16134>	"PMID:16348008"
<http://purl.obolibrary.org/obo/CHEBI_16134>	"PMID:11540049"
<http://purl.obolibrary.org/obo/CHEBI_16134>	"PMID:22560242"
<http://purl.obolibrary.org/obo/CHEBI_16134>	"KEGG:C00014"
<http://purl.obolibrary.org/obo/CHEBI_16134>	"PMID:17569513"
<http://purl.obolibrary.org/obo/CHEBI_16134>	"PMID:11783653"
<http://purl.obolibrary.org/obo/CHEBI_16134>	"PMID:22130175"
<http://purl.obolibrary.org/obo/CHEBI_16134>	"PMID:22443779"
<http://purl.obolibrary.org/obo/CHEBI_10545>	"Wikipedia:Electron"
<http://purl.obolibrary.org/obo/CHEBI_10545>	"KEGG:C05359"
<http://purl.obolibrary.org/obo/CHEBI_10545>	"PMID:21614077"
<http://purl.obolibrary.org/obo/TAXRANK_0000029>	"http://rs.tdwg.org/ontology/voc/TaxonRank#Subkingdom"
<http://purl.obolibrary.org/obo/TAXRANK_0000029>	"NCBITaxon:subkingdom"
<http://purl.obolibrary.org/obo/TAXRANK_0000022>	"http://rs.tdwg.org/ontology/voc/TaxonRank#Superkingdom"
<http://purl.obolibrary.org/obo/TAXRANK_0000022>	"NCBITaxon:superkingdom"
<http://purl.obolibrary.org/obo/TAXRANK_0000005>	"http://rs.tdwg.org/ontology/voc/TaxonRank#Genus"
<http://purl.obolibrary.org/obo/TAXRANK_0000005>	"NCBITaxon:genus"
<http://purl.obolibrary.org/obo/TAXRANK_0000052>	"http://rs.tdwg.org/ontology/voc/TaxonRank#Sub-Sub-Variety"
<http://purl.obolibrary.org/obo/TAXRANK_0000041>	"http://rs.tdwg.org/ontology/voc/TaxonRank#Infrafamily"
<http://purl.obolibrary.org/obo/TAXRANK_0001009>	"NCBITaxon:morph"
<http://purl.obolibrary.org/obo/TAXRANK_0000046>	"http://rs.tdwg.org/ontology/voc/TaxonRank#InfraspecificTaxon"
<http://purl.obolibrary.org/obo/TAXRANK_0000020>	"http://rs.tdwg.org/ontology/voc/TaxonRank#Superorder"
<http://purl.obolibrary.org/obo/TAXRANK_0000020>	"NCBITaxon:superorder"
<http://purl.obolibrary.org/obo/TAXRANK_0000036>	"http://rs.tdwg.org/ontology/voc/TaxonRank#DenominationClass"
<http://purl.obolibrary.org/obo/TAXRANK_0000006>	"http://rs.tdwg.org/ontology/voc/TaxonRank#Species"
<http://purl.obolibrary.org/obo/TAXRANK_0000006>	"NCBITaxon:species"
<http://purl.obolibrary.org/obo/TAXRANK_0000015>	"http://rs.tdwg.org/ontology/voc/TaxonRank#Superclass"
<http://purl.obolibrary.org/obo/TAXRANK_0000015>	"NCBITaxon:superclass"
<http://purl.obolibrary.org/obo/TAXRANK_0000019>	"http://rs.tdwg.org/ontology/voc/TaxonRank#Infraclass"
<http://purl.obolibrary.org/obo/TAXRANK_0000019>	"NCBITaxon:infraclass"
<http://purl.obolibrary.org/obo/TAXRANK_0001004>	"NCBITaxon:clade"
<http://purl.obolibrary.org/obo/TAXRANK_0001011>	"NCBITaxon:pathogroup"
<http://purl.obolibrary.org/obo/TAXRANK_0000004>	"http://rs.tdwg.org/ontology/voc/TaxonRank#Family"
<http://purl.obolibrary.org/obo/TAXRANK_0000004>	"NCBITaxon:family"
<http://purl.obolibrary.org/obo/TAXRANK_0000051>	"http://rs.tdwg.org/ontology/voc/TaxonRank#Sub-Variety"
<http://purl.obolibrary.org/obo/TAXRANK_0000027>	"http://rs.tdwg.org/ontology/voc/TaxonRank#Superphylum"
<http://purl.obolibrary.org/obo/TAXRANK_0000027>	"NCBITaxon:superphylum"
<http://purl.obolibrary.org/obo/TAXRANK_0000039>	"http://rs.tdwg.org/ontology/voc/TaxonRank#Grex"
<http://purl.obolibrary.org/obo/TAXRANK_0000040>	"http://rs.tdwg.org/ontology/voc/TaxonRank#Infraphylum"
<http://purl.obolibrary.org/obo/TAXRANK_0000010>	"NCBITaxon:species_group"
<http://purl.obolibrary.org/obo/TAXRANK_0001007>	"NCBITaxon:genotype"
<http://purl.obolibrary.org/obo/TAXRANK_0000058>	"http://rs.tdwg.org/ontology/voc/TaxonRank#SupragenericTaxon"
<http://purl.obolibrary.org/obo/TAXRANK_0000034>	"http://rs.tdwg.org/ontology/voc/TaxonRank#Cultivar"
<http://purl.obolibrary.org/obo/TAXRANK_0000047>	"http://rs.tdwg.org/ontology/voc/TaxonRank#Infratribe"
<http://purl.obolibrary.org/obo/TAXRANK_0000021>	"NCBITaxon:parvorder"
<http://purl.obolibrary.org/obo/TAXRANK_0000013>	"http://rs.tdwg.org/ontology/voc/TaxonRank#Infraorder"
<http://purl.obolibrary.org/obo/TAXRANK_0000013>	"NCBITaxon:infraorder"
<http://purl.obolibrary.org/obo/TAXRANK_0000026>	"http://rs.tdwg.org/ontology/voc/TaxonRank#Form"
<http://purl.obolibrary.org/obo/TAXRANK_0000026>	"NCBITaxon:forma"
<http://purl.obolibrary.org/obo/TAXRANK_0000033>	"http://rs.tdwg.org/ontology/voc/TaxonRank#Candidate"
<http://purl.obolibrary.org/obo/TAXRANK_0001002>	"NCBITaxon:isolate"
<http://purl.obolibrary.org/obo/TAXRANK_0000056>	"http://rs.tdwg.org/ontology/voc/TaxonRank#Subsubform"
<http://purl.obolibrary.org/obo/TAXRANK_0000007>	"http://rs.tdwg.org/ontology/voc/TaxonRank#Subclass"
<http://purl.obolibrary.org/obo/TAXRANK_0000007>	"NCBITaxon:subclass"
<http://purl.obolibrary.org/obo/TAXRANK_0000002>	"http://rs.tdwg.org/ontology/voc/TaxonRank#Class"
<http://purl.obolibrary.org/obo/TAXRANK_0000002>	"NCBITaxon:class"
<http://purl.obolibrary.org/obo/TAXRANK_0000045>	"http://rs.tdwg.org/ontology/voc/TaxonRank#Infraspecies"
<http://purl.obolibrary.org/obo/TAXRANK_0001001>	"NCBITaxon:strain"
<http://purl.obolibrary.org/obo/TAXRANK_0001008>	"NCBITaxon:biotype"
<http://purl.obolibrary.org/obo/TAXRANK_0000055>	"http://rs.tdwg.org/ontology/voc/TaxonRank#SubspecificAggregate"
<http://purl.obolibrary.org/obo/TAXRANK_0000024>	"http://rs.tdwg.org/ontology/voc/TaxonRank#Subfamily"
<http://purl.obolibrary.org/obo/TAXRANK_0000024>	"NCBITaxon:subfamily"
<http://purl.obolibrary.org/obo/TAXRANK_0000031>	"http://rs.tdwg.org/ontology/voc/TaxonRank#Series"
<http://purl.obolibrary.org/obo/TAXRANK_0000044>	"http://rs.tdwg.org/ontology/voc/TaxonRank#Infrakingdom"
<http://purl.obolibrary.org/obo/TAXRANK_0000014>	"http://rs.tdwg.org/ontology/voc/TaxonRank#Suborder"
<http://purl.obolibrary.org/obo/TAXRANK_0000014>	"NCBITaxon:suborder"
<http://purl.obolibrary.org/obo/TAXRANK_0000018>	"http://rs.tdwg.org/ontology/voc/TaxonRank#Superfamily"
<http://purl.obolibrary.org/obo/TAXRANK_0000018>	"NCBITaxon:superfamily"
<http://purl.obolibrary.org/obo/TAXRANK_0000003>	"http://rs.tdwg.org/ontology/voc/TaxonRank#Order"
<http://purl.obolibrary.org/obo/TAXRANK_0000003>	"NCBITaxon:order"
<http://purl.obolibrary.org/obo/TAXRANK_0000050>	"http://rs.tdwg.org/ontology/voc/TaxonRank#SpeciesAggregate"
<http://purl.obolibrary.org/obo/TAXRANK_0000009>	"http://rs.tdwg.org/ontology/voc/TaxonRank#Subgenus"
<http://purl.obolibrary.org/obo/TAXRANK_0000009>	"NCBITaxon:subgenus"
<http://purl.obolibrary.org/obo/TAXRANK_0000038>	"http://rs.tdwg.org/ontology/voc/TaxonRank#Graft-chimaera"
<http://purl.obolibrary.org/obo/TAXRANK_0000017>	"http://rs.tdwg.org/ontology/voc/TaxonRank#Kingdom"
<http://purl.obolibrary.org/obo/TAXRANK_0000017>	"NCBITaxon:kingdom"
<http://purl.obolibrary.org/obo/TAXRANK_0001006>	"NCBITaxon:serogroup"
<http://purl.obolibrary.org/obo/TAXRANK_0000053>	"http://rs.tdwg.org/ontology/voc/TaxonRank#Subsection"
<http://purl.obolibrary.org/obo/TAXRANK_0000042>	"http://rs.tdwg.org/ontology/voc/TaxonRank#InfragenericTaxon"
<http://purl.obolibrary.org/obo/TAXRANK_0000025>	"http://rs.tdwg.org/ontology/voc/TaxonRank#Tribe"
<http://purl.obolibrary.org/obo/TAXRANK_0000025>	"NCBITaxon:tribe"
<http://purl.obolibrary.org/obo/TAXRANK_0000032>	"http://rs.tdwg.org/ontology/voc/TaxonRank#Bio-variety"
<http://purl.obolibrary.org/obo/TAXRANK_0000001>	"http://rs.tdwg.org/ontology/voc/TaxonRank#Phylum"
<http://purl.obolibrary.org/obo/TAXRANK_0000001>	"NCBITaxon:phylum"
<http://purl.obolibrary.org/obo/TAXRANK_0000037>	"http://rs.tdwg.org/ontology/voc/TaxonRank#Domain"
<http://purl.obolibrary.org/obo/TAXRANK_0000049>	"http://rs.tdwg.org/ontology/voc/TaxonRank#Specialform"
<http://purl.obolibrary.org/obo/TAXRANK_0001005>	"NCBITaxon:forma_specialis"
<http://purl.obolibrary.org/obo/TAXRANK_0001012>	"NCBITaxon:subcohort"
<http://purl.obolibrary.org/obo/TAXRANK_0000028>	"http://rs.tdwg.org/ontology/voc/TaxonRank#Subtribe"
<http://purl.obolibrary.org/obo/TAXRANK_0000028>	"NCBITaxon:subtribe"
<http://purl.obolibrary.org/obo/TAXRANK_0000011>	"NCBITaxon:species_subgroup"
<http://purl.obolibrary.org/obo/TAXRANK_0000054>	"http://rs.tdwg.org/ontology/voc/TaxonRank#Subseries"
<http://purl.obolibrary.org/obo/TAXRANK_0000023>	"http://rs.tdwg.org/ontology/voc/TaxonRank#Subspecies"
<http://purl.obolibrary.org/obo/TAXRANK_0000023>	"NCBITaxon:subspecies"
<http://purl.obolibrary.org/obo/TAXRANK_0000030>	"http://rs.tdwg.org/ontology/voc/TaxonRank#Section"
<http://purl.obolibrary.org/obo/TAXRANK_0000043>	"http://rs.tdwg.org/ontology/voc/TaxonRank#Infragenus"
<http://purl.obolibrary.org/obo/TAXRANK_0000035>	"http://rs.tdwg.org/ontology/voc/TaxonRank#Cultivar-group"
<http://purl.obolibrary.org/obo/TAXRANK_0000048>	"http://rs.tdwg.org/ontology/voc/TaxonRank#patho-variety"
<http://purl.obolibrary.org/obo/TAXRANK_0001003>	"NCBITaxon:serotype"
<http://purl.obolibrary.org/obo/TAXRANK_0001010>	"NCBITaxon:cohort"
<http://purl.obolibrary.org/obo/TAXRANK_0000057>	"http://rs.tdwg.org/ontology/voc/TaxonRank#Supertribe"
<http://purl.obolibrary.org/obo/TAXRANK_0000008>	"http://rs.tdwg.org/ontology/voc/TaxonRank#SubPhylum"
<http://purl.obolibrary.org/obo/TAXRANK_0000008>	"NCBITaxon:subphylum"
<http://purl.obolibrary.org/obo/TAXRANK_0000016>	"NCBITaxon:varietas"
<http://purl.obolibrary.org/obo/GO_0033554>	"Reactome:R-HSA-2262752"
<http://purl.obolibrary.org/obo/GO_0008152>	"Wikipedia:Metabolism"
<http://purl.obolibrary.org/obo/GO_0008152>	"Reactome:R-HSA-1430728"
<http://purl.obolibrary.org/obo/GO_0044238>	"Wikipedia:Primary_metabolite"
<http://purl.obolibrary.org/obo/GO_0006281>	"Reactome:R-HSA-73894"
<http://purl.obolibrary.org/obo/GO_0006281>	"Wikipedia:DNA_repair"
